{"Loss": 0.015077158808708191, "_timestamp": 1673432365.2121263, "_runtime": 112.11998915672302, "_step": 979, "_wandb": {"runtime": 112}}