{"Loss": 0.04567456990480423, "_timestamp": 1673431036.18307, "_runtime": 122.16378688812256, "_step": 677}